accessory,0
accessory news,1
accessory news life,2
actually,3
ago,4
air,5
already,6
always,7
amazing,8
amazing day,9
amazing day make,10
amazon,11
android,12
android apps,13
android http,14
android window,15
android window nokia,16
another,17
anyone,18
anything,19
app,20
app iphone,21
apple,22
apple com,23
apple com app,24
apple http,25
apple io,26
apple ipad,27
apple iphone,28
apple mac,29
apple pic,30
apple pic twitter,31
apple product,32
apple store,33
apps,34
appstore,35
arrived,36
art,37
available,38
awesome,39
baby,40
back,41
back follow,42
back follow everyone,43
bad,44
battery,45
beach,46
beautiful,47
beautiful cute,48
beauty,49
best,50
bestprice,51
better,52
big,53
birthday,54
birthday sale,55
birthday sale android,56
bit,57
bit rhymeapp,58
bit rhymeapp rhyme,59
black,60
blackberry,61
blessed,62
blog,63
blue,64
book,65
bought,66
boy,67
break,68
broken,69
business,70
buy,71
cable,72
call,73
came,74
camera,75
campaign,76
capetown,77
capetown funny,78
capetown funny sexy,79
car,80
care,81
case,82
case iphone,83
cat,84
change,85
charge,86
charger,87
check,88
christmas,89
code,90
coffee,91
color,92
color igers,93
color igers iphoneonly,94
com,95
com app,96
come,97
coming,98
company,99
computer,100
contact,101
cool,102
could,103
count,104
count tl,105
count tl today,106
couple,107
cover,108
crazy,109
customer,110
cute,111
cute color,112
cute color igers,113
dad,114
dating,115
day,116
day make,117
day make every,118
deal,119
dear,120
deleted,121
design,122
device,123
discount,124
dlvr,125
dog,126
done,127
dont,128
download,129
early,130
ebay,131
enjoy,132
enough,133
even,134
ever,135
every,136
every minute,137
every minute count,138
everyone,139
everyone rts,140
everyone rts gain,141
everything,142
excited,143
face,144
facebook,145
fail,146
fail tech,147
fail tech ipad,148
family,149
fan,150
fashion,151
fashion health,152
fashion health fail,153
fast,154
favorite,155
feature,156
feel,157
feeling,158
finally,159
finally got,160
find,161
first,162
fix,163
flower,164
follow,165
follow back,166
follow back follow,167
follow everyone,168
follow everyone rts,169
follow follow,170
follow follow back,171
follow instagram,172
follow instagram http,173
follow retweet,174
follow retweet iphone,175
followback,176
followback teamfollowback,177
followback teamfollowback follow,178
follower,179
follower must,180
follower must follow,181
followme,182
followsunday,183
followsunday followback,184
followsunday followback teamfollowback,185
food,186
free,187
fresh,188
friday,189
friend,190
fuck,191
fuck apple,192
fucking,193
fuckyou,194
fuckyou apple,195
fun,196
fun capetown,197
fun capetown funny,198
funny,199
funny lol,200
funny sexy,201
funny sexy samsung,202
gadget,203
gain,204
gain follower,205
gain follower must,206
gain iphone,207
gain iphone sougofollow,208
galaxy,209
galaxy note,210
galaxynote,211
game,212
gamer,213
gaming,214
gay,215
geek,216
get,217
getting,218
gift,219
girl,220
give,221
god,222
going,223
gold,224
gon,225
goo,226
good,227
google,228
got,229
got new,230
gratitude,231
great,232
green,233
guy,234
guy look,235
haha,236
hair,237
happiness,238
happy,239
hard,240
hate,241
hate apple,242
hateapple,243
headphone,244
health,245
health fail,246
health fail tech,247
heart,248
hello,249
help,250
hey,251
hey guy,252
hey guy look,253
holiday,254
home,255
hope,256
hot,257
hour,258
house,259
html,260
http,261
http bit,262
http bit rhymeapp,263
http dlvr,264
http goo,265
http ift,266
http instagr,267
http instagram,268
http instagram com,269
http itunes,270
http itunes apple,271
http tmblr,272
http www,273
http www instagram,274
http zpr,275
husband,276
ift,277
igers,278
igers iphoneonly,279
igshid,280
image,281
imessage,282
index,283
india,284
insta,285
instadaily,286
instago,287
instagood,288
instagood http,289
instagood instagram,290
instagr,291
instagram,292
instagram com,293
instagram http,294
instagram iphone,295
instalike,296
instamood,297
instapic,298
io,299
io apple,300
io apple iphone,301
io iphone,302
ipad,303
ipad apple,304
ipad iphone,305
ipad iphone funny,306
iphone,307
iphone accessory,308
iphone accessory news,309
iphone app,310
iphone apple,311
iphone case,312
iphone funny,313
iphone funny lol,314
iphone http,315
iphone http bit,316
iphone http instagr,317
iphone http instagram,318
iphone instagood,319
iphone instagram,320
iphone io,321
iphone ipad,322
iphone iphone,323
iphone iphone http,324
iphone iphonesia,325
iphone iphonex,326
iphone keep,327
iphone keep thing,328
iphone phone,329
iphone phone smartphone,330
iphone pic,331
iphone plus,332
iphone samsung,333
iphone sougofollow,334
iphoneography,335
iphoneonly,336
iphoneonly iphone,337
iphones,338
iphonesia,339
iphonesia iphone,340
iphonex,341
iphonex iphone,342
ipod,343
itunes,344
itunes apple,345
itunes apple com,346
job,347
joy,348
keep,349
keep thing,350
kid,351
kiss,352
know,353
laptop,354
last,355
laugh,356
let,357
life,358
life twitch,359
light,360
like,361
like like,362
like wish,363
like wish amazing,364
little,365
live,366
live laugh,367
lock,368
lol,369
long,370
look,371
lost,372
love,373
love new,374
loving,375
mac,376
macbook,377
macbookpro,378
made,379
make,380
make every,381
make every minute,382
making,383
man,384
many,385
may,386
medium,387
message,388
microsoft,389
mine,390
mini,391
minute,392
minute count,393
minute count tl,394
miss,395
mobile,396
model,397
mom,398
moment,399
monday,400
money,401
money today,402
money today life,403
month,404
morning,405
motorola,406
motorola offer,407
motorola offer bestprice,408
movie,409
much,410
music,411
must,412
must follow,413
must follow follow,414
nature,415
need,416
net,417
never,418
new,419
new apple,420
new baby,421
new iphone,422
new phone,423
new year,424
newphone,425
news,426
news life,427
news photography,428
news photography fashion,429
newyear,430
next,431
nice,432
night,433
nofilter,434
nokia,435
nokia samsung,436
nokia samsung iphone,437
note,438
nothing,439
number,440
offer,441
offer bestprice,442
old,443
one,444
party,445
password,446
pay,447
peace,448
people,449
phone,450
phone case,451
phone iphone,452
phone samsung,453
phone smartphone,454
phone smartphone motorola,455
phonecase,456
photo,457
photo photography,458
photography,459
photography fashion,460
photography fashion health,461
photooftheday,462
php,463
pic,464
pic twitter,465
pic twitter com,466
picoftheday,467
picture,468
piece,469
pink,470
play,471
playstation,472
please,473
plus,474
portrait,475
power,476
present,477
pretty,478
pro,479
problem,480
product,481
put,482
quote,483
random,484
ready,485
real,486
really,487
reason,488
red,489
relax,490
retweet,491
retweet iphone,492
retweet iphone keep,493
rhyme,494
rhyme iphone,495
rhymeapp,496
rhymeapp rhyme,497
rhymeapp rhyme iphone,498
right,499
rts,500
rts gain,501
rts gain iphone,502
sad,503
sale,504
sale android,505
sale android window,506
samsung,507
samsung galaxy,508
samsung galaxy note,509
samsung http,510
samsung http instagram,511
samsung iphone,512
samsung iphone phone,513
samsung note,514
samsung pic,515
samsung pic twitter,516
saturday,517
say,518
screen,519
see,520
selfie,521
seriously,522
service,523
sexy,524
sexy samsung,525
sexy samsung pic,526
share,527
share igshid,528
shit,529
shop,530
shopping,531
show,532
since,533
single,534
siri,535
sister,536
sky,537
smartphone,538
smartphone motorola,539
smartphone motorola offer,540
smile,541
social,542
someone,543
something,544
song,545
sony,546
sony http,547
sony http instagram,548
sony playstation,549
sony xperia,550
soon,551
sougofollow,552
source,553
source twitter,554
source twitter share,555
spring,556
start,557
status,558
still,559
stop,560
store,561
stuff,562
stupid,563
style,564
suck,565
summer,566
sun,567
sunday,568
sunset,569
sup,570
sup surf,571
sup surf fun,572
support,573
surf,574
surf fun,575
surf fun capetown,576
swag,577
sweet,578
tab,579
tablet,580
take,581
taken,582
tbt,583
teamfollowback,584
teamfollowback follow,585
teamfollowback follow retweet,586
tech,587
tech ipad,588
tech ipad iphone,589
technology,590
tell,591
text,592
thank,593
thanks,594
thanks apple,595
thing,596
think,597
time,598
tl,599
tl today,600
tl today iphone,601
tmblr,602
today,603
today iphone,604
today iphone accessory,605
today life,606
today life twitch,607
took,608
top,609
toy,610
travel,611
tree,612
trip,613
try,614
trying,615
turn,616
tweegram,617
tweet,618
twitch,619
twitter,620
twitter com,621
twitter share,622
twitter share igshid,623
two,624
update,625
updated,626
upgrade,627
usa,628
use,629
user,630
using,631
utm,632
utm campaign,633
utm medium,634
utm source,635
utm source twitter,636
valentine,637
verizon,638
via,639
video,640
vsco,641
wait,642
waiting,643
want,644
watch,645
water,646
way,647
week,648
weekend,649
welcome,650
well,651
white,652
wifi,653
window,654
window nokia,655
window nokia samsung,656
wish,657
wish amazing,658
wish amazing day,659
woman,660
word,661
work,662
working,663
world,664
would,665
would like,666
would like wish,667
wow,668
www,669
www instagram,670
www instagram com,671
xperia,672
yay,673
yeah,674
year,675
yes,676
yet,677
youtu,678
youtube,679
zpr,680
